term,related_lang
-a-,French
-aire,French
-cephaly,French
-cole,French
-elle,French
-esque,French
-gen,French
-genic,French
-ienne,French
-illiard,French
-logic,French
-logue,French
-mane,French
-metric,French
-otic,French
-tropy,French
-ville,French
Abbeville,French
Abenaki,French
Abri Audit,French
Acre,French
Adelaide,French
Adele,French
Adolphe,French
Adrien,French
Aimee,French
Albertine,French
Alcide,French
Alcindor,French
Alençon,French
Alep,French
Alexandre,French
Alexis,French
Algeria,French
Alina,French
Aline,French
Alphonse,French
Amiot,French
Amirault,French
Ancien Régime,French
Andrin,French
Angeline,French
Angelle,French
Angers,French
Anjouan,French
Annam,French
Annette,French
Antoine,French
Aquitaine,French
Arc de Triomphe,French
Argonne,French
Ariane,French
Aries,French
Arkansas,French
Arles,French
Arlon,French
Armagnac,French
Armel,French
Arpajon,French
Arrouet,French
Arsenault,French
Arseneau,French
Arseneault,French
Art Deco,French
Art Nouveau,French
Artagnan,French
Assiniboine,French
Asterix,French
Attal,French
Aube,French
Aubin,French
Auble,French
Aucoin,French
Aude,French
Audet,French
Audett,French
Audette,French
Audureau,French
Auger,French
Augier,French
Aurès,French
Australasia,French
Auvergne,French
Avignon,French
Avril,French
Avril,French
Aydelotte,French
Ayn,French
BD,French
Baby,French
Badie,French
Bagnères-de-Luchon,French
Bailly,French
Balduc,French
Bankass,French
Banville,French
Baptiste,French
Barbin,French
Bardet,French
Bareilles,French
Bargeron,French
Barrilleaux,French
Bas,French
Bas-Rhin,French
Basque,French
Basquiat,French
Basse,French
Basset,French
Bassin,French
Bastille,French
Bau,French
Baumé,French
Bayle,French
Bazil,French
Beacham,French
Beauchamp,French
Beauchemin,French
Beaudoin,French
Beaudreau,French
Beaudry,French
Beaujolais,French
Beaulieu,French
Beauregard,French
Becquart,French
Bedard,French
Bedel,French
Beecham,French
Befort,French
Beghard,French
Bejaia,French
Belainsky,French
Beland,French
Belcourt,French
Beliveau,French
Belle Époque,French
Belleau,French
Bellefontaine,French
Bellegarde,French
Bellemare,French
Bellerose,French
Belleville,French
Belleville,French
Belliard,French
Bellot,French
Bellotte,French
Belux,French
Benedictine,French
Beninois,French
Benne,French
Benois,French
Benoist,French
Bercier,French
Bergeron,French
Beringer,French
Berland,French
Bernardin,French
Bernardy,French
Bernet,French
Bernier,French
Berrien,French
Berry,French
Besançon,French
Besson,French
Bettencourt,French
Beurré,French
Bibeau,French
Bichon Frisé,French
Bienaime,French
Binedama,French
Biot,French
Biscaichipy,French
Bisel,French
Bisson,French
Bissonnet,French
Bissonnette,French
Blanc de Hotot,French
Blanchard,French
Blanchet,French
Blanchett,French
Blanchette,French
Blois,French
Blon,French
Blouin,French
Boileau,French
Boiron,French
Bois,French
Bois Caïman,French
Boisbriand,French
Boisclair,French
Boissonneault,French
Bollé,French
Bombardier,French
Bon Accord,French
Bonenfant,French
Bongard,French
Bonjour,French
Bonnin,French
Bordeaux,French
Bordelais,French
Bordenet,French
Bordes,French
Bossard,French
Bossart,French
Bosse,French
Bossier,French
Bouchard,French
Boucher,French
Bouctouche,French
Boudreaux,French
Bougainville,French
Boulenger,French
Boulet,French
Bouquet,French
Bourdain,French
Bourdin,French
Bourget,French
Bourgogne,French
Bourguignon,French
Boursiquot,French
Boutilier,French
Bouvier,French
Brasselle,French
Brau,French
Brazeau,French
Breau,French
Breville,French
Brie,French
Brienne,French
Brisac,French
Broglie,French
Brossard,French
Brossart,French
Broussard,French
Bruges,French
Bruley,French
Brumaire,French
Brussels,French
Burkinabe,French
Butin,French
Buzançais,French
Béarnais,French
Béjaïa,French
Bézier,French
Bône,French
CCITT,French
CH,French
CHSLD,French
CLSC,French
CQ,French
Cabriole leg,French
Cadillac,French
Caillat,French
Caillouet,French
Cajuste,French
Calais,French
Calame,French
Callovian,French
Campagne,French
Canada,French
Canigou,French
Cannes,French
Cap-Haïtien,French
Cappe,French
Caraquet,French
Carpentier,French
Carre,French
Carré de l'Est,French
Castelnaudary,French
Catelle,French
Catherine,French
Cavalaire-sur-Mer,French
Caya,French
Cayenne,French
Cayes,French
Cazeau,French
Cecile,French
Celestin,French
Celine,French
Celtic,French
Chabert,French
Chalabre,French
Chambord,French
Champagne,French
Champenois,French
Champlain,French
Champoux,French
Chanel,French
Chantilly,French
Chaource,French
Chardon,French
Chargois,French
Charlebois,French
Charleroi,French
Charline,French
Charlotte,French
Charpentier,French
Charrier,French
Charron,French
Chartres,French
Chartreux,French
Chastain,French
Chaudoin,French
Chausse,French
Chazal,French
Chenard,French
Chenault,French
Chenonceaux,French
Chevrolet,French
Cheyenne,French
Chiasson,French
Chicago,French
Childeric,French
Chinoiserie,French
Chirol,French
Chleuh,French
Chopin,French
Chouinard,French
Christine,French
Châteauroux,French
Châtelaillon-Plage,French
Chéticamp,French
Ciret,French
Ciron,French
Citroën,French
Claire,French
Clarin,French
Clarissine,French
Clavette,French
Clemenceau,French
Clermont,French
Clos,French
Clouseau,French
Cobee,French
Cognac,French
Coin,French
Cologne,French
Comeaux,French
Comminges,French
Comoros,French
Congis-sur-Thérouanne,French
Congolese,French
Coppee,French
Corbeau,French
Corbet,French
Core,French
Cornec,French
Cornier,French
Corse-du-Sud,French
Cotard,French
Cote,French
Cotillard,French
Cotnoir,French
Cottier,French
Courseulles-sur-Mer,French
Courtois,French
Couserans,French
Cousy,French
Couture,French
Crampagna,French
Creach,French
Crecy,French
Creecy,French
Creole,French
Creve Coeur,French
Crevier,French
Cro-Magnon,French
Croteau,French
Crow,French
Créteil,French
Cuny,French
Curie,French
Cussac,French
Côte d'Azur,French
Côte d'Ivoire,French
Côte d'Or,French
Côtes-du-Nord,French
Dague,French
Daignault,French
Daigneault,French
Daigre,French
Daillencourt,French
Danault,French
Danielle,French
Danlos,French
Danna,French
Dantin,French
Daoust,French
Dardenne,French
Daudet,French
Dauphin,French
De Lesseps,French
De Pass,French
DeGrace,French
DeMary,French
DeMille,French
Debrosse,French
Dedieu,French
Degazon,French
Deguire,French
Delage,French
Delaine,French
Delcambre,French
Delcamp,French
Delfosse,French
Delfour,French
Delisle,French
Demont,French
Demorest,French
Demory,French
Denault,French
Deneau,French
Deprez,French
Deroche,French
Derousse,French
Deroy,French
Deruelle,French
Desaulniers,French
Desbiens,French
Descemet,French
Desmarais,French
Desnoyers,French
Desper,French
Despres,French
Desrochers,French
Desvarieux,French
Detroit,French
Deveaux,French
Devere,French
Deville,French
Diakite,French
Dien Bien,French
Dieppe,French
Dieujuste,French
Dilly,French
Dionne,French
Dizangue,French
Djerba,French
Dnieper,French
Dome,French
Dominguois,French
Donze,French
Dorce,French
Dorcely,French
Dordogne,French
Dorion,French
Douai,French
Doubs,French
Doumbouya,French
Drôme,French
Dubas,French
Dubeau,French
Dubois,French
Dubonnet,French
Ducasse,French
Ducat,French
Duchesneau,French
Ducoing,French
Ducre,French
Ducuing,French
Dufaur,French
Dufaux,French
Dufort,French
Dufour,French
Dugal,French
Dujardin,French
Dujour,French
Dulong,French
Dulude,French
Dumais,French
Dumoulin,French
Dunkerque,French
Dupin,French
Dupont,French
Dupuis,French
Dupuit,French
Dupuy,French
Dupuytren,French
Duquesne,French
Dury,French
Duteil,French
Dutil,French
Duvernay,French
Ecurie,French
Edinbourgeois,French
Eiffel,French
Elise,French
Eloise,French
Entrelacs,French
Erny,French
Escaut,French
Esmee,French
Ethier,French
European,French
Eustache,French
Exocet,French
FSBK,French
Fallot,French
Faneuil,French
Fanfan,French
Fanguy,French
Faron,French
Faubert,French
Fauch,French
Faucheux,French
Faure,French
Faux,French
Fenelon,French
Fenouillet,French
Fervidor,French
Fichen,French
Filion,French
Filles du Roi,French
Fleurant,French
Fleury,French
Floch,French
Florence,French
Floréal,French
Foch,French
Foix,French
Fonder,French
Fontaine,French
Fontenay-aux-Roses,French
Fontenot,French
Forand,French
Forgette,French
Fortin,French
Foucault,French
Fouesnant,French
Fougères,French
Fouka,French
Fourier,French
Fourrage,French
Fralin,French
Francien,French
Franglais,French
Fransaskois,French
François,French
Frechette,French
Freemantle,French
Fregeau,French
Fremin,French
Fremont,French
Frimaire,French
Fromager,French
Fructidor,French
Frémont,French
Fusilier,French
GUNT,French
Gaby,French
Gaetan,French
Gagne,French
Gagnon,French
Galant,French
Gallicism,French
Galvin,French
Gamel,French
Gamet,French
Gap,French
Garand,French
Garant,French
Garat,French
Garcon,French
Gard,French
Gardinier,French
Garonne,French
Garron,French
Gatineau,French
Gauchard,French
Gaucher,French
Gaudet,French
Gaudin,French
Gaugain,French
Gauguin,French
Gaul,French
Gaumond,French
Gelineau,French
Gembloux,French
Genet,French
Genevieve,French
Genson,French
Gentile,French
Geoffroy,French
German vice,French
Germinal,French
Germond,French
Gers,French
Ghislaine,French
Giard,French
Gibert,French
Gigi,French
Gilly,French
Gimbert,French
Gingras,French
Gionet,French
Girardeau,French
Girardot,French
Giroir,French
Giselle,French
Giverny,French
Godard,French
Goh,French
Goulart,French
Goy,French
Grand Est,French
Grand Isle,French
Grand Prix,French
Grand Teton,French
Grand Teton,French
Grande Comore,French
Grande Ile,French
Grande-Ile,French
Grandon,French
Gras,French
Grasse,French
Grenier,French
Grignon,French
Grisons,French
Grondin,French
Grosjean,French
Guadeloupe,French
Guediguian,French
Guerber,French
Guerette,French
Guerin,French
Guerrant,French
Guerry,French
Guichard,French
Guilbeau,French
Guilbeaux,French
Guilbert,French
Guile,French
Guillet,French
Guindon,French
Guion,French
Guyon,French
Guyot,French
Habs,French
Hamlet,French
Harki,French
Harle,French
Haury,French
Haute-Corse,French
Hautes-Alpes,French
Havre,French
Hayer,French
Haïti,French
Hebert,French
Henard,French
Henriette,French
Herard,French
Hindouism,French
Hindouist,French
Hirson,French
Hoarau,French
Hogue,French
Holocene,French
Houp,French
Huot,French
Huron,French
Hyacinthe,French
Hyblaean,French
Hérault,French
INRIA,French
Icard,French
Iowa,French
Irene,French
Iroquois,French
Israël,French
Isère,French
Ivoirian,French
Izard,French
Jacmel,French
Jacot,French
Jacque,French
Jacquot,French
Janelle,French
Janine,French
Japonese,French
Jasmine,French
Jaudon,French
Jean,French
Jean-Pierre,French
Jeanette,French
Jeanne,French
Jeannette,French
Jeannine,French
Jeanpierre,French
Joigny,French
Jonquière,French
Josephine,French
Jouan,French
Jouy-en-Josas,French
Juliard,French
Julliard,French
Junod,French
Jura,French
Jurassic,French
Jutras,French
Kanak,French
Kasserine,French
Kerguelen,French
Kloetzer,French
Koala,French
Krivine,French
La Salle,French
La Tache,French
La Touche,French
La Tuque,French
La Tène,French
LaPlace,French
LaPrise,French
LaSalle,French
Labarre,French
Labatt,French
Labbe,French
Labelle,French
Labine,French
Labonte,French
Labrecque,French
Lacaille,French
Lacombe,French
Lacroix,French
Lafargue,French
Laffitte,French
Laffont,French
Lafitte,French
Laflamme,French
Lafleur,French
Lafont,French
Lafontaine,French
Lafosse,French
Lagace,French
Lague,French
Lajoie,French
Lalande,French
Lalanne,French
Lally,French
Lamartinian,French
Lamotte,French
Lamour,French
Lamoureux,French
Lampron,French
Lancon,French
Langevin,French
Langlois,French
Langres,French
Languedoc,French
Lannemezan,French
Laos,French
Laperle,French
Lapierre,French
Laplace,French
Lapointe,French
Laporte,French
Laprairie,French
Lareau,French
Larrivee,French
Lartigue,French
Lasalle,French
Lassalle,French
Latour,French
Latourette,French
Latty,French
Laude,French
Laugier,French
Laurier,French
Lausanne,French
Lauture,French
Lauzier,French
Laval,French
Lavallee,French
Lavallée,French
Laverdiere,French
Laverdure,French
Lavoie,French
Layet,French
Lazarist,French
Le Havre,French
Le Lamentin,French
Le Mans,French
Le Pen,French
Le Tache,French
Le Vauclin,French
Lebaron,French
Lebeau,French
Leblanc,French
Lebon,French
Lebreton,French
Leclair,French
Leclerc,French
Leclere,French
Leclert,French
Lecuyer,French
Ledee,French
Lefebvre,French
Lefevre,French
Lefort,French
Legault,French
Legrand,French
Legrix,French
Legros,French
Lemaire,French
Lemar,French
Lengrand,French
Leonie,French
Lepage,French
Leparmentier,French
Leplatre,French
Leroux,French
Les Sables-d'Olonne,French
Lescroart,French
Lesieur,French
Lessard,French
Lesseps,French
Letellier,French
Lettrism,French
Levallois,French
Levant,French
Level,French
Levesque,French
Levier,French
Ley,French
Libreville,French
Ligue 1,French
Lille,French
Limat,French
Limoges,French
Limours,French
Limousin,French
Limoux,French
Linne,French
Lisle,French
Livernois,French
Liège,French
Loir,French
Loire,French
Long Sault,French
Longueil,French
Longuet,French
Longueuil,French
Longueuillois,French
Loranger,French
Lorge,French
Loriol,French
Lormand,French
Lorraine,French
Lortie,French
Louchet,French
Louis,French
Louisbourg,French
Louisjean,French
Louvain,French
Louvre,French
Loyal,French
Lussac,French
Lyon,French
Lyons,French
Mabillard,French
Madeleine,French
Madeline,French
Magloire,French
Magnon,French
Magot,French
Mahorais,French
Mahé,French
Mahé,French
Mailloux,French
Maine,French
Maire,French
Maison,French
Maisonneuve,French
Malakoff,French
Malingre,French
Maltais,French
Maltese sauce,French
Malveaux,French
Manche,French
Mandchou,French
Maneval,French
Manne,French
Manseau,French
Many,French
Marc,French
Marcade,French
Marcadet,French
Marceau,French
Marcel,French
Marchal,French
Marchand,French
Marchessault,French
Marciac,French
Marechal,French
Margaux,French
Marguerite,French
Marie,French
Marie-Galante,French
Marien,French
Marieval,French
Marillier,French
Marocain,French
Marquand,French
Marquis,French
Marrakech,French
Marrant,French
Marron,French
Marseillais,French
Marseillaise,French
Marseille,French
Marseilles,French
Martineau,French
Maschino,French
Mascon,French
Masse,French
Mathais,French
Matheny,French
Mathey,French
Maton,French
Maurice,French
Maurrassian,French
Mayotte,French
Mazars,French
Mazingarbe,French
Meaux,French
Meheut,French
Meknes,French
Melanesia,French
Melanie,French
Meline,French
Menard,French
Menez,French
Mercure,French
Mercy,French
Merillat,French
Merle,French
Merovingian,French
Mersereau,French
Merveilleuse,French
Messidor,French
Metis,French
Metz,French
Meunier,French
Meuse,French
Michelin,French
Midi,French
Miglos,French
Mijanès,French
Milan,French
Milot,French
Minitel,French
Miquelon,French
Mirepoix,French
Mississauga,French
Misson,French
Mistral,French
Mistralian,French
Mocchi,French
Mohéli,French
Moisan,French
Molle,French
Mondor,French
Monestime,French
Monsieur,French
Monsieur de Paris,French
Mont Blanc,French
Montagnais,French
Montagnard,French
Montagne,French
Montaigne,French
Montferrat,French
Montferrer,French
Montgolfier,French
Montlhéry,French
Montreal,French
Monville,French
Mopti,French
Moquet,French
Morain,French
More,French
Morneau,French
Morneault,French
Moroni,French
Morre,French
Moselle,French
Moulin,French
Moulins,French
Mourvèdre,French
Mule,French
Murat,French
Muret,French
Mâcon,French
Mèze,French
Mérigon,French
Nadeau,French
Najac,French
Nanterre,French
Nantes,French
Naples,French
Napoleon,French
Naquin,French
Narbonne,French
Navarre,French
Navarrenx,French
Naves,French
Necker,French
Neron,French
Nevers,French
Neveu,French
Nice,French
Niel,French
Nissard,French
Nivôse,French
Niçois,French
Nolet,French
Nordic,French
Normandin,French
Nouvelle-Aquitaine,French
Nyon,French
Nérac,French
Occitanie,French
Ogier,French
Ogossagou,French
Olley,French
Ollivier,French
Oléron,French
Ompraret,French
Orange,French
Orchies,French
Orgeron,French
Oriol,French
Orly,French
Orne,French
Orpustan,French
Osier,French
Ouarzazate,French
Oudet,French
Outaouais,French
Outremont,French
Oyhenart,French
Ozier,French
Pabon,French
Paganelli,French
Paleocene,French
Palix,French
Papin,French
Pardiac,French
Pardies,French
Pargade,French
Paries,French
Parisien,French
Parisienne,French
Parizeau,French
Parmentier,French
Parmeter,French
Parrau,French
Parraut,French
Patenaude,French
Patriote,French
Pauline,French
Pavie,French
Pawnee,French
Payen,French
Payette,French
Pelissier,French
Pelland,French
Pellegrin,French
Pellerin,French
Pelletan,French
Peloquin,French
Pelot,French
Penelopegate,French
Pequignot,French
Pequin,French
Pere,French
Peron,French
Perpignan,French
Perrau,French
Perrault,French
Perraut,French
Perret,French
Perrodin,French
Perusse,French
Petion,French
Petitjean,French
Peugeot,French
Peyraud,French
Peyrehorade,French
Philibert,French
Philippines,French
Philippon,French
Philippot,French
Philippou,French
Philoctete,French
Picardy,French
Piccard,French
Pichon,French
Picquet,French
Piffard,French
Pinard,French
Pinel,French
Piot,French
Piquet,French
Plasse,French
Plauche,French
Pluviôse,French
Pochon,French
Poincaré,French
Pointe-à-Pitre,French
Poirier,French
Poissant,French
Poitier,French
Poliquin,French
Pollet,French
Polynesia,French
Polynice,French
Polypheme,French
Pommier,French
Pompey,French
Pont-Saint-Martin,French
Ponton,French
Portier,French
Porto-Vecchio,French
Potier,French
Poulain,French
Poulin,French
Poullard,French
Pousson,French
Prairial,French
Pree,French
Prieur,French
Princeville,French
Prolog,French
Protestant,French
Provence,French
Prudhomme,French
Prunier,French
Pyrénées-Orientales,French
Périgord,French
Périllos,French
Quebec,French
Quebecism,French
Quebedeaux,French
Quenneville,French
Quintin,French
Québécoise,French
Québécoise,French
RPA,French
RSVP,French
Raboin,French
Racicot,French
Raiche,French
Rainier,French
Rambin,French
Ramus,French
Rancourt,French
Randon,French
Ravenel,French
Rebert,French
Rejean,French
Rejeanne,French
Renaissance,French
Renaud,French
Renault,French
Rendu,French
Rene,French
Rennes,French
Rennes-le-Château,French
Revoir,French
Rhodes,French
Rhône,French
Richardot,French
Richoux,French
Riendeau,French
Rigaud,French
Rimbaud,French
Rivard,French
Rive,French
Robar,French
Robart,French
Roberge,French
Robichaux,French
Robicheau,French
Robideau,French
Robillard,French
Rochefort,French
Rocque,French
Rodier,French
Romaine,French
Romandy,French
Romulus,French
Roquefort-sur-Soulzon,French
Rosemont,French
Rouen,French
Rougeau,French
Rousse,French
Rousseau,French
Rousselle,French
Roussin,French
Route,French
Rozier,French
Ruelle,French
Régence,French
S.I.,French
SPVM,French
Sabat,French
Sabatier,French
Sabattier,French
Sagueneen,French
Sagueneenne,French
Saint Apollinaire,French
Saint Louis,French
Saint Onge,French
Saint-Dominguois,French
Saint-Florent,French
Saint-Girons,French
Saint-Julien,French
Saint-Lizier,French
Saint-Louis,French
Saint-Pastous,French
Saint-Pierre-des-Corps,French
Saint-Priest,French
Sainte-Geneviève-des-Bois,French
Saintes,French
Saintonge,French
Salat,French
Salies-du-Salat,French
Salles,French
Salon des Refusés,French
Salon-de-Provence,French
Samothracian,French
Sancerre,French
Santy,French
Sarchet,French
Sarraute,French
Satre,French
Sault Ste. Marie,French
Saurier,French
Savary,French
Savoie,French
Savoyard,French
Saïda,French
Saône,French
Scaramouche,French
Sejour,French
Selles-sur-Cher,French
Senatus,French
Senechal,French
Seraphine,French
Serbin,French
Sercquiais,French
Serpe,French
Serres,French
Seychellois,French
Seysses,French
Shanelle,French
Simoneau,French
Simoneaux,French
Simonet,French
Sion,French
Sion,French
Sioux,French
Sorbon,French
Sorbonne,French
Sorel,French
Sorokine,French
Soulier,French
Soyer,French
St. Andre,French
Stains,French
Staquet,French
Suresnes,French
Sète,French
Sèvres,French
Ségou,French
Sûreté,French
TGV,French
TVQ,French
Taché,French
Tadjoura,French
Tadjourah,French
Taillon,French
Tana,French
Tarascon-sur-Ariège,French
Tardif,French
Taroudant,French
Tataouine,French
Tauzin,French
Taïwan,French
Taïwanese,French
Telotte,French
Terral,French
Terrien,French
Tetreault,French
Tetreaultville,French
Thaïland,French
Theberge,French
Thelusma,French
Therien,French
Thermidor,French
Therrien,French
Thibeaux,French
Thibert,French
Thibodeau,French
Thibodeaux,French
Thiers,French
Thivierge,French
Tierce,French
Tissot,French
Tocqueville,French
Tomme,French
Tondreau,French
Tonkin,French
Toulouse,French
Toupin,French
Toups,French
Tour de France,French
Tourane,French
Tourcoing,French
Trahan,French
Traverse,French
Tremblay,French
Trepanier,French
Treves,French
Trianon,French
Trois-Rivières,French
Troyes,French
Trudeau,French
Trudel,French
Truteau,French
Trépanier,French
Tullier,French
Turlupin,French
Tâche,French
Ubuesque,French
Vachon,French
Vaillancourt,French
Val Marie,French
Val-de-Marne,French
Valade,French
Valerie,French
Valiquette,French
Vancon,French
Vanier,French
Vannes,French
Varin,French
Vaucluse,French
Vaudois,French
Veillette,French
Vendée,French
Vendémiaire,French
Ventôse,French
Venus de Milo,French
Verdier,French
Verges,French
Verne,French
Vernet,French
Veron,French
Verove,French
Verret,French
Versailles,French
Vialatte,French
Viau,French
Vibert,French
Vichy,French
Vieau,French
Vienna,French
Vientiane,French
Vigneault,French
Vigneron,French
Villars,French
Villefranche,French
Villeneuve,French
Vilsaint,French
Vincennes,French
Vincent,French
Violette,French
Virtel,French
Voltaire,French
Vosges,French
Vuitton,French
Walcourt,French
Walloon,French
Watremez,French
Wendat,French
Wisconsin,French
Wissant,French
Yannick,French
Yon,French
Yonne,French
Zaghouan,French
Zecco,French
a go-go,French
a la,French
a la minute,French
abaissé,French
abandonment,French
abaque,French
abat-vent,French
abat-voix,French
abatis,French
abatjour,French
abatsons,French
abattage,French
abattoir,French
abbé,French
abime,French
abirritant,French
ablegate,French
ablet,French
abonnement,French
abonné,French
abordage,French
abracadabrant,French
abrasion,French
abreuvoir,French
abri,French
absinthe,French
abstention,French
academist,French
acajou,French
acclimate,French
accolade,French
accolé,French
accommodation,French
accomplishment,French
accouchement,French
accoucheur,French
accoucheuse,French
accouplement,French
accouter,French
accusator,French
acerbity,French
acetification,French
acetylene,French
achene,French
acid,French
acidification,French
acieration,French
aconite,French
acouchi,French
acquiescence,French
acquis,French
acquis communautaire,French
acromegaly,French
acte clair,French
acte gratuit,French
actinium,French
actrice,French
adaptation,French
adaptee,French
adenoid,French
admirative,French
adorable,French
adret,French
adroit,French
aeronautics,French
aeroplane,French
affaire d'honneur,French
affiche,French
affineur,French
affranchi,French
agacerie,French
agami,French
agent provocateur,French
agente provocatrice,French
agents provocateurs,French
agglutination,French
aggrandize,French
agiotage,French
agitation,French
agonic,French
agraffe,French
agrément,French
aide,French
aide-de-camp,French
aide-mémoire,French
aigrette,French
aiguille,French
aileron,French
ailette,French
aioli,French
air de cour,French
air du temps,French
ajutage,French
ala,French
alban,French
albicore,French
albumin,French
alcool,French
alcove,French
alembic,French
alert,French
alevin,French
alexanders,French
algarot,French
algesia,French
alidade,French
alignment,French
aligot,French
aliment,French
alimentation,French
alizari,French
alizarin,French
all cats are grey in the dark,French
allemande,French
alley oop,French
alloglot,French
allonge,French
allée,French
almadie,French
almucantar,French
alose,French
alphenic,French
altruism,French
alépine,French
amaranth,French
amateur,French
amatrice,French
ambassade,French
ambassadry,French
ambiance,French
ambigu,French
ambrette,French
ambulance,French
ambulancier,French
ambuscade,French
amelioration,French
amende,French
amical,French
amidin,French
ammunition,French
amniotic,French
amollishment,French
amour propre,French
amourette,French
amphigory,French
ampoule,French
ampère,French
amuse-bouche,French
amusement,French
amusette,French
anacyclic,French
anagram,French
analphabete,French
ananas,French
anatase,French
anatron,French
ancien régime,French
andouille,French
anecdote,French
angary,French
angelique,French
angelot,French
angiotenic,French
angélique,French
anhedonia,French
animalier,French
animality,French
animateur,French
animatrice,French
anime,French
animé,French
anisette,French
annalist,French
annex,French
anomal,French
anomie,French
antibiotic,French
antipodism,French
antipodist,French
antique,French
antivenin,French
apanage,French
apartment,French
aperçu,French
aphylactic,French
aplomb,French
aplome,French
apogee,French
apologue,French
apology,French
apoplectic,French
appartement,French
appel,French
apperception,French
appertisation,French
appetence,French
applique,French
appui,French
apres,French
apropos,French
après,French
après-,French
après-ski,French
apéritif,French
aquapharyngeal,French
aquarelle,French
arabesque,French
arachnid,French
arbitrage,French
arbitrager,French
arbitrageur,French
arbitragist,French
arbor,French
arborescence,French
arbust,French
arc boutant,French
arc-boutant,French
arcade,French
arcature,French
archaeologue,French
archducal,French
archduchess,French
archetier,French
archiater,French
archimandrite,French
architecture,French
areic,French
areole,French
argot,French
ariette,French
armet,French
armoire,French
armure,French
arpent,French
arquebusade,French
arrestation,French
arriviste,French
arrière-garde,French
arrière-pensée,French
arrondissement,French
artisan,French
artiste,French
artistic,French
arête,French
ascendeur,French
aspic,French
aspirant,French
assart,French
assassin,French
assemblage,French
assiette,French
assise,French
assonance,French
assortiment,French
astrologue,French
atelier,French
atmosphere,French
atrophy,French
attachment,French
attaché,French
attack,French
attentisme,French
attic,French
attitude,French
au contraire,French
au courant,French
au fait,French
au gratin,French
au naturel,French
au pair,French
aubade,French
aubaine,French
auberge,French
aubergine,French
aubergiste,French
audiencier,French
auguste,French
auteur,French
autobus,French
autoclave,French
autocrat,French
autofiction,French
autogestion,French
automatic,French
automobile,French
automobilist,French
autoroute,French
autotomy,French
aval,French
avalanche,French
avalement,French
avant la lettre,French
avant-garde,French
aven,French
aventurine,French
avenue,French
avertissement,French
avertissement nucléaire,French
aviation,French
aviator,French
avoyer,French
axunge,French
azedarach,French
azote,French
baba au rhum,French
babiroussa,French
babouche,French
babul,French
bac,French
baccalaureat,French
baccalaureate,French
baccara,French
baccarat,French
back,French
backet,French
bacteriophage,French
badaud,French
badelaire,French
badian,French
badigeon,French
badinage,French
badine,French
badinerie,French
bagasse,French
bagatelle,French
bague,French
baguette,French
bah,French
bahut,French
bail,French
bain-marie,French
baisemains,French
bal musette,French
balancelle,French
balayage,French
balayeuse,French
balcon,French
baldacchin,French
baldaquin,French
balise,French
ballad,French
ballade,French
balladine,French
ballet,French
balletomane,French
ballon,French
ballon d'essai,French
ballonet,French
ballonnement,French
ballottement,French
balsamic,French
balustrade,French
banal,French
banality,French
bancassurance,French
bandage,French
bandeau,French
bandy,French
banlieue,French
banneret,French
banneton,French
banque,French
banquette,French
baragouin,French
barbastelle,French
barbet,French
barbette,French
barbotine,French
barcarole,French
bariolage,French
baroque,French
barr,French
barrack,French
barrage,French
barre,French
barre chord,French
barret,French
barrette,French
barricade,French
barrique,French
barège,French
bas-relief,French
basbleu,French
bascule,French
basilar,French
basque,French
bassoon,French
bastide,French
bastille,French
bat,French
batardeau,French
bateau,French
bateleur,French
baton,French
battement,French
batterie,French
batterie de cuisine,French
battu,French
battue,French
baud,French
bavardage,French
bavaroise,French
bavette,French
bayadère,French
bayard,French
beau,French
beau geste,French
beau idéal,French
beau joueur,French
beau monde,French
beau sabreur,French
beaucoup,French
beaux-arts,French
becard,French
becquerel,French
bedeguar,French
bedlamer,French
beef bourguignon,French
beef olive,French
begonia,French
beguinage,French
beige,French
beignet,French
bel esprit,French
belandre,French
belle sabreuse,French
belles-lettres,French
belote,French
bengaline,French
benitier,French
berceuse,French
berdache,French
bergamot,French
bergerette,French
berline,French
berlingot,French
berm,French
beurrage,French
beurre manié,French
bezique,French
bezoar,French
biandry,French
bias,French
bibelot,French
bibliotheke,French
bichon,French
bicycle,French
bidon,French
bien pensant,French
bienséance,French
bigarade,French
bigot,French
bijection,French
bijou,French
bikini,French
bilboquet,French
billet-doux,French
billiard,French
billiards,French
billion,French
billot,French
binette,French
binocular,French
biopsy,French
biscornu,French
biscotin,French
biset,French
bisque,French
bisque,French
bistoury,French
bistre,French
bistro,French
bivouac,French
bizarre,French
bizarrerie,French
blague,French
blanc,French
blanquette,French
blasé,French
bled,French
blessure,French
blet,French
bleu celeste,French
bliaut,French
blindage,French
bloc,French
blocage,French
blondine,French
blouson,French
bobbin,French
bobo,French
bobèche,French
bocal,French
bocasine,French
bois d'arc,French
bois durci,French
boiserie,French
bolide,French
bolognaise,French
bomb,French
bombard,French
bombardon,French
bombe,French
bombé,French
bon mot,French
bon ton,French
bon vivant,French
bon voyage,French
bonbon,French
bonbonniere,French
bondieuserie,French
bonduc,French
bone,French
bonheur du jour,French
bonhomie,French
bonne,French
bonne bouche,French
bonze,French
boo-boo,French
bookoo,French
borborygm,French
bordereau,French
bosket,French
bossale,French
bottine,French
boubou,French
bouche,French
bouchée,French
boudin,French
boudinage,French
boudoir,French
bouffant,French
bouffe,French
bougie,French
bouillabaisse,French
bouilli,French
bouillon,French
boulangerie,French
boule,French
boulevardier,French
bouleversement,French
bouquet,French
bouquet garni,French
bouquetin,French
bourgeois,French
bourgeoise,French
bourgeoisie,French
bourn,French
bourrée,French
bourse,French
bousillage,French
boutade,French
boutique,French
bouton,French
boutonniere,French
boutonnière,French
bouvier des Flandres,French
boyau,French
braconniere,French
braggart,French
braille,French
braise,French
bralette,French
brancard,French
branchage,French
braquemard,French
bras d'honneur,French
brassard,French
brasserie,French
brassiere,French
braze,French
brazier,French
brelan,French
breloque,French
bretelle,French
bretessé,French
briar,French
bric-a-brac,French
bricolage,French
bricole,French
bricoleur,French
bride,French
brie,French
brigade,French
brigadier,French
brigue,French
brilliance,French
brilliant,French
brioche,French
briquet,French
briquetage,French
briquette,French
brise soleil,French
brise-bise,French
brisement,French
brisque,French
brisure,French
brocard,French
brocatel,French
brocatelle,French
broche,French
brochette,French
brochure,French
broché,French
brodequin,French
broderie,French
bronze,French
brouhaha,French
bruit,French
brume,French
brunaille,French
brunet,French
brunette,French
brunion,French
brunoise,French
brusque,French
brusquerie,French
brut,French
buccan,French
buccaneer,French
buffet,French
buffont,French
buisson,French
bulletin,French
burbot,French
bureau,French
bureau de change,French
bureaucratic,French
bureaucratize,French
burette,French
burin,French
burlesque,French
burnoose,French
buro,French
buron,French
bushwah,French
busk,French
bustier,French
butte,French
butyric,French
béchamel,French
béchamel sauce,French
béguin,French
bêche-de-mer,French
bête de scène,French
bête noire,French
c'est la vie,French
cabaret,French
cabas,French
cabernet,French
cabotage,French
cabotinage,French
cabriole,French
cabriolet,French
cabré,French
cabécou,French
cachalot,French
cache,French
cache-sexe,French
cachepot,French
cachet,French
cachou,French
cadastral,French
cadastre,French
cadet,French
cadis,French
cadre,French
cafard,French
cafetière,French
caffeine,French
café,French
café au lait,French
café noir,French
café noisette,French
café-chantant,French
caféteria,French
cafétéria,French
cagoule,French
cahier,French
cahoot,French
cahoots,French
caique,French
caisson,French
cajole,French
calade,French
calambac,French
calamine,French
calamint,French
calamitous,French
calander,French
calcule,French
calembour,French
calin,French
calk,French
calligram,French
calligraphy,French
calorie,French
calorifere,French
calorific,French
calotte,French
caloyer,French
calque,French
calèche,French
camaieu,French
camail,French
camaraderie,French
cambré,French
camion,French
camisole,French
camouflage,French
camouflet,French
canapé,French
canard,French
canary,French
cancan,French
cancaneuse,French
candidature,French
canelé,French
cannelure,French
canteen,French
cantinière,French
caouk,French
caoutchouc,French
cape,French
capillaire,French
capilotade,French
capitaine,French
capitalism,French
capitalist,French
capitoulat,French
caporal,French
capot,French
capote,French
caprice,French
capricious,French
capriole,French
capsule,French
capuchin,French
caracal,French
caracole,French
carafe,French
caramel,French
carapace,French
carcajou,French
careen,French
carene,French
caress,French
caret,French
cargason,French
caricature,French
caricaturesque,French
carillon,French
carillonneur,French
cariole,French
carmagnole,French
carnet,French
carnivore,French
caroche,French
carotid,French
carotte,French
caroubier,French
carousel,French
carte,French
carte anglaise,French
carte blanche,French
carte de visite,French
carte soleil,French
cartel,French
cartilage,French
cartilagineous,French
carton,French
carton-pierre,French
cartouche,French
cartridge,French
casaquin,French
casein,French
casemate,French
casern,French
cashew,French
cashier,French
casque,French
cassation,French
casse,French
casse-croute,French
casserole,French
cassette,French
cassis,French
cassolette,French
cassonade,French
cassoulet,French
cataclysm,French
catafalque,French
catalogue raisonné,French
catechumen,French
category,French
catheter,French
cavalcade,French
cavesson,French
caviar,French
cavin,French
caïquejee,French
cedule,French
ceinture,French
celadon,French
celebrant,French
celerifere,French
celeripede,French
celery,French
celesta,French
celeste,French
celibate,French
cellulose,French
cenotaph,French
centime,French
centimetre,French
centrifuge,French
cep,French
cephalopod,French
cerclage,French
cerebral,French
cerebral hemorrhage,French
cerement,French
cerise,French
cervical,French
chabot,French
chabrette,French
chaconne,French
chadon beni,French
chagrin,French
chainon,French
chaise,French
chaise longue,French
chaldron,French
chalet,French
chalumeau,French
cham,French
chamade,French
chambranle,French
chambré,French
chamotte,French
champ,French
champ clos,French
champagne,French
champignon,French
champlevé,French
chancre,French
chandelier,French
chandelle,French
chanson,French
chansonnette,French
chansonnier,French
chant royal,French
chantage,French
chantefable,French
chanterelle,French
chanteur,French
chanteuse,French
chapeau,French
chapel de fer,French
chappe,French
charabanc,French
charade,French
charbon,French
charbonnier,French
charcuterie,French
chard,French
charette,French
chargé d'affaires,French
charivari,French
charlotte,French
charlotte russe,French
charmeuse,French
charrette,French
charterhouse,French
chartreuse,French
chasse,French
chasse-café,French
chasseur,French
chassis,French
chassé,French
chateaubriand,French
chatelaine,French
chatoyant,French
chatoyment,French
chaud-froid,French
chauffeur,French
chauffeuse,French
chausse,French
chausson,French
chaussure,French
chaussé,French
chauvinism,French
chef,French
chef d'oeuvre,French
chef d'œuvre,French
chef de cuisine,French
chef de mission,French
chef de partie,French
chef de rang,French
chelem,French
chemin de fer,French
chemin de ronde,French
chemise,French
chemisette,French
chemist,French
chenier,French
chenille,French
cheval,French
cheval de frise,French
chevelure,French
cheville,French
chevrette,French
chevreuil,French
chevron,French
chevrotain,French
chez,French
chiaoux,French
chibouk,French
chic,French
chicane,French
chichi,French
chicon,French
chicotte,French
chiffon,French
chiffonade,French
chiffonier,French
chiffre,French
chignon,French
chinois,French
chinoiserie,French
chiné,French
chipolata,French
chiropracteur,French
chitin,French
chloroform,French
chlorophyll,French
chocolatier,French
chocolatine,French
cholesterine,French
chomage,French
choreography,French
chose jugée,French
chott,French
chou,French
chowder,French
christophine,French
chromatic,French
chrome,French
chronique scandaleuse,French
chuchotage,French
chute,French
châlet,French
château,French
chèvre,French
chétif,French
chômeur,French
ci-devant,French
cigarette,French
cimier,French
cineast,French
cinema,French
cinephile,French
cinetization,French
cinquain,French
cinéma du look,French
cinéma vérité,French
cirque,French
citadel,French
citron,French
citronella,French
civilisation,French
civilité,French
civilization,French
civilize,French
clafoutis,French
clair de lune,French
clairaudience,French
clairaudience,French
clairaudient,French
clairvoyance,French
clapper,French
claque,French
claqueur,French
clarain,French
classic,French
classification,French
clavecin,French
clavier,French
cleché,French
clementine,French
cliché,French
clientele,French
clientèle,French
clinician,French
clique,French
cliquet,French
clochard,French
cloche,French
cloison,French
cloisonné,French
cloque,French
cloture,French
clou,French
cochineal,French
cockamamie,French
coco-de-mer,French
cocotte,French
cognac,French
cohesion,French
coiffeur,French
coiffeuse,French
coiffure,French
coincide,French
coincident,French
col,French
colic,French
colin,French
collaboration,French
collaborator,French
collage,French
collagen,French
colline,French
collogue,French
colonnade,French
colonnette,French
colorific,French
colporteur,French
combattant,French
comedienne,French
comique,French
commandery,French
comme ci comme ça,French
comme il faut,French
commencement,French
commercial,French
commissaire,French
commissariat,French
commode,French
communal,French
communard,French
communiqué,French
compensable,French
compense,French
compere,French
compersion,French
competence,French
competition,French
complex,French
complicity,French
compliment,French
compositor,French
compote,French
compte rendu,French
compulsive,French
compute,French
compère,French
compôte,French
comtal,French
comte,French
concassé,French
concert,French
concessionaire,French
conche,French
concierge,French
concision,French
conclave,French
conclavist,French
concord,French
concourse,French
concretion,French
concubinage,French
conferencier,French
confidant,French
confinement,French
confit,French
confiture,French
confrerie,French
confronté,French
congé,French
conjuncture,French
connective,French
connoisseur,French
consanguine,French
conservatoire,French
conservatory,French
consigne,French
console,French
console,French
consommé,French
constatation,French
constate,French
consternation,French
contiguity,French
contour,French
contra dance,French
contrast,French
contrecoup,French
contredanse,French
contretemps,French
conventionnel,French
convive,French
convivial,French
cooperation,French
copist,French
coprolalia,French
coquecigrue,French
coquelicot,French
coqueluche,French
coquet,French
coquette,French
coquille,French
cor anglais,French
corbeau,French
corbeille,French
cordage,French
cordon bleu,French
cordon sanitaire,French
cordonnet,French
cornemuse,French
corneule,French
cornichon,French
corporeity,French
corps de garde,French
corps-a-corps,French
correct,French
corrective,French
corridor,French
corruption,French
corsage,French
corsair,French
cortege,French
corticine,French
corvee,French
corvette,French
coryphée,French
cosmopolite,French
costal,French
costumier,French
cotarnine,French
coteau,French
coterie,French
cotillion,French
coua,French
couchette,French
couché,French
coudiere,French
coudé,French
cougar,French
coulee,French
couleur,French
coulis,French
coulisse,French
couloir,French
coulomb,French
coulure,French
coulé,French
countermure,French
coup,French
coup d'arret,French
coup d'état,French
coup d'œil,French
coup de force,French
coup de foudre,French
coup de grâce,French
coup de main,French
coup de maitre,French
coup de théâtre,French
coupe,French
coupe-gorge,French
coupon,French
coupé,French
courante,French
courbette,French
coureur de bois,French
courgette,French
course landaise,French
courtesan,French
couscous,French
couteau de chasse,French
couter,French
coutil,French
couturier,French
couturière,French
couvert,French
couverture,French
couveuse,French
cracovienne,French
cramoisie,French
crampon,French
crancelin,French
crapaud,French
crapaudine,French
craquelure,French
crayon,French
creamery,French
credibility,French
crepe,French
creperie,French
crepier,French
crepon,French
cretin,French
creton,French
cretonne,French
crevette,French
cri de coeur,French
cri du chat,French
cribble,French
crime passionnel,French
crin,French
crinoline,French
criterium,French
critique,French
crochet,French
croisade,French
croissant,French
croissanterie,French
croisé,French
cromorna,French
croque-madame,French
croquembouche,French
croquette,French
croquis,French
crosne,French
crossette,French
crottin,French
croupier,French
croupiere,French
croustade,French
croûton,French
cru,French
crucial,French
crudite,French
crudites,French
crudité,French
crudités,French
crèche,French
crème,French
crème anglaise,French
crème caramel,French
crème de cassis,French
crème de la crème,French
crème de menthe,French
crème fraîche,French
crémaillère,French
crépinette,French
crêpe,French
crêpe Suzette,French
crêpe de Chine,French
cubage,French
cubism,French
cubitiere,French
cue,French
cueillette,French
cuir bouilli,French
cuirasse,French
cuirassement,French
cuirassier,French
cuisine,French
cuisinier,French
cuisse,French
cul-de-four,French
cul-de-sac,French
culinary,French
culminant,French
culmination,French
culotte,French
culottes,French
cultivation,French
cummer,French
cuneiform,French
cupel,French
curettage,French
curette,French
curie,French
currant,French
custode,French
cuvette,French
cuvier,French
cuvée,French
cyme,French
cynism,French
cynosure,French
cédille,French
cégep,French
cépage,French
d'Amour,French
dadaism,French
dalles,French
damassé,French
dame de compagnie,French
dangerosity,French
danse macabre,French
danseuse,French
dartre,French
daube,French
dauphine,French
daurade,French
de Brienne,French
de Broglie,French
de Grasse,French
de Lesseps,French
de haut en bas,French
de luxe,French
de rigueur,French
de son tort,French
de trop,French
debacle,French
debride,French
debridement,French
debris,French
debuscope,French
debut,French
debutante,French
decalcomania,French
decalcomanie,French
decameter,French
decametre,French
decant,French
decantation,French
decapitate,French
decapod,French
decate,French
decatize,French
decime,French
decistere,French
decolorant,French
decoupage,French
decuple,French
dedans,French
deess,French
defaitism,French
defeatism,French
defeatist,French
defense,French
defiant,French
defile,French
defile,French
defile,French
deforestation,French
deformable,French
defrock,French
degenerescence,French
deglutition,French
degringolade,French
degustation,French
dehors,French
deism,French
deist,French
delaine,French
deliminate,French
delimit,French
delimitate,French
delvauxite,French
demagogic,French
demandeur,French
demark,French
demi-sec,French
demibastion,French
demibrigade,French
demicadence,French
demiglace,French
demigorge,French
demilune,French
demimondaine,French
demimonde,French
demipointe,French
demirelief,French
demitasse,French
demitint,French
demoiselle,French
denature,French
dentelle,French
dentist,French
department,French
departmental,French
dependant,French
deplace,French
depliage,French
deplorable,French
deploy,French
deplume,French
deport,French
deportment,French
depot,French
depreciation,French
depucelage,French
deracine,French
derailleur,French
derailment,French
deranged,French
derangement,French
dermabrase,French
dernier,French
dernier cri,French
derrière,French
desert,French
deshabille,French
desinence,French
desman,French
despotism,French
dessin d'enfant,French
destin,French
detachment,French
detent,French
detergent,French
deterioration,French
determinant,French
detonable,French
detonation,French
detour,French
detournement,French
detrempe,French
develop,French
developpe,French
deviance,French
deviant,French
dextrochere,French
dey,French
dhimmi,French
diabase,French
diablerie,French
diablo,French
diabologue,French
diamantaire,French
diamante,French
diamanté,French
diaphanie,French
diatribe,French
dictature,French
dictionnary,French
diffix,French
différance,French
digestif,French
diligence,French
dinanderie,French
diopside,French
diorama,French
diorite,French
diphtheria,French
diplomacy,French
directeur sportif,French
directive,French
dirigisme,French
dirigiste,French
disc,French
discotheque,French
disinfectant,French
disinter,French
disorient,French
displacement,French
disponible,French
dispose,French
dispositif,French
disquaire,French
disquette,French
disquisition,French
dissociation,French
distrait,French
district,French
disyllabic,French
diversion,French
divorcee,French
divorcé,French
divorcée,French
dizain,French
djellaba,French
djembe,French
doctrinaire,French
dogmatic,French
dolerite,French
dolmen,French
doloire,French
dolomite,French
domaine,French
domanial,French
domestique,French
domiciliary,French
domino,French
dompt,French
donnée,French
dossard,French
dosseret,French
dossier,French
dossière,French
dot,French
douane,French
douanier,French
douar,French
doublure,French
doublé,French
douceur,French
douche,French
doux,French
douzaine,French
doyen,French
doyenne,French
drachme,French
drageoir,French
dragonnade,French
dragonné,French
dragoon,French
dragée,French
draisienne,French
dramaturge,French
dramaturgy,French
drap,French
drap de Berry,French
dressage,French
droguet,French
droit de seigneur,French
drollery,French
dronte,French
druid,French
du jour,French
dubonnet,French
dune,French
duo,French
dupe,French
dupion,French
durant,French
durative,French
duvet,French
dysphemism,French
déblai,French
débouché,French
débris,French
début,French
débutant,French
débutante,French
décime,French
déclassé,French
décollement,French
décolletage,French
décolleté,French
décolletée,French
décor,French
dégagé,French
démarche,French
démodé,French
dénouement,French
département,French
dérive,French
détente,French
détraqué,French
eau Créole,French
eau de Cologne,French
eau de toilette,French
eau de vie,French
eau forte,French
ecarteur,French
ecdotic,French
echelle,French
echelon,French
eclaircise,French
eclatant,French
eclosion,French
ecrasite,French
effacement,French
effervescence,French
effigy,French
effleurage,French
efflorescence,French
efflower,French
effrontery,French
egalitarian,French
egoism,French
egoist,French
elastic,French
elegante,French
ellipse,French
eloge,French
emancipation,French
emballage,French
embarcadère,French
embarrass,French
emblematic,French
embonpoint,French
embouchement,French
embouchure,French
embourgeoise,French
embourgeoisement,French
embourgeoisé,French
emboîtement,French
embroil,French
embusqué,French
emergence,French
emery,French
emetic,French
emigre,French
emigré,French
emissary,French
emollient,French
empennage,French
employée,French
emulsion,French
en banc,French
en bloc,French
en brosse,French
en cabochon,French
en clair,French
en coup de sabre,French
en face,French
en famille,French
en flute,French
en garde,French
en masse,French
en pied,French
en plein,French
en plein air,French
en pointe,French
en rapport,French
en route,French
en ventre sa mere,French
en-papillote,French
encasserole,French
enceinte,French
enclave,French
encoignure,French
encolure,French
encore,French
encoubert,French
enculade,French
endimanched,French
endocrine,French
endocrinology,French
endoctrine,French
endorphin,French
endothermic,French
enfant de coeur,French
enfant terrible,French
enfantement,French
enfilade,French
enfile,French
enfleurage,French
engagé,French
engobe,French
engouement,French
enguiché,French
enigmatic,French
enjamb,French
enjambment,French
enlevement,French
ennui,French
ennuyé,French
ensemble,French
ensile,French
ensuite,French
entablement,French
entente,French
entente cordiale,French
entier,French
entourage,French
entr'acte,French
entrant,French
entrechat,French
entrecôte,French
entrelac,French
entremets,French
entrepas,French
entrepreneur,French
entrepreneuse,French
entrepôt,French
entresol,French
entryism,French
entrée,French
envelope,French
environs,French
envoi,French
epaulet,French
epaulette,French
epauliere,French
epee,French
epidote,French
epilepsy,French
epinglette,French
epistolary,French
epluchage,French
equipment,French
equipollent,French
erg,French
ergot,French
erode,French
erudit,French
escadrille,French
escalade,French
escalope,French
escamoterie,French
escapade,French
escargatoire,French
escargot,French
escarmouche,French
escarole,French
escarp,French
escarpment,French
esclavagism,French
escort,French
escroc,French
espadon,French
espadrille,French
espagnole,French
espagnolette,French
espalier,French
espaliere,French
esparcet,French
espieglerie,French
espionage,French
esplanade,French
esprit,French
esprit de corps,French
esprit fort,French
esquisse,French
essencier,French
estafette,French
estaminet,French
estampage,French
estampie,French
estouffade,French
estrade,French
estragon,French
estramacon,French
estrapade,French
etagere,French
etalon,French
etamine,French
etatisme,French
etendue,French
ethmoid,French
ethnie,French
ethography,French
etiquette,French
etude,French
eucalyptus,French
eukaryote,French
euphonious,French
evanescent,French
evangile,French
evenemential,French
evidement,French
evince,French
exactitude,French
exergue,French
exigeant,French
exigeante,French
exigence,French
existentialism,French
exoreic,French
expansion,French
expatriation,French
expertise,French
exploitation,French
exposé,French
expressionism,French
extermine,French
externat,French
externe,French
extincteur,French
extraordinaire,French
extravagance,French
extrinsic,French
fabric,French
facade,French
facet,French
facetious,French
facette,French
facture,French
fadaise,French
fait accompli,French
faites vos jeux,French
falbala,French
faluche,French
fanal,French
fanfare,French
fanfaronade,French
fanion,French
fantastique,French
farandole,French
farceur,French
fardage,French
farouche,French
fasciation,French
fascine,French
faubourg,French
faussebraye,French
faute de mieux,French
fauteuil,French
fauvette,French
fauvism,French
fauvist,French
faux,French
faux ami,French
faux bois,French
favori,French
façon de parler,French
federation,French
feint,French
felquiste,French
feminism,French
femme,French
femme fatale,French
femme incomprise,French
fenestron,French
fer-de-lance,French
fermeture,French
ferriprive,French
festoon,French
fete,French
fetish,French
feu de joie,French
feu-de-joie,French
feuillemorte,French
feuilletine,French
feuilleton,French
feuilletonist,French
feuilleté,French
fiacre,French
fiancé,French
fiber,French
fiche,French
fichu,French
figurine,French
filasse,French
filet mignon,French
filiation,French
film blanc,French
film noir,French
filtration,French
filé,French
fin,French
fin de siècle,French
financier,French
fisc,French
fish,French
fisher,French
fisher cat,French
flacon,French
flageolet,French
flambeau,French
flamboyant,French
flamboyer,French
flambé,French
flan,French
flanconade,French
flasque,French
flatulence,French
fletch,French
fleur de sel,French
fleur-de-lis,French
flibustier,French
floc,French
floral,French
florentine,French
floss,French
fluidity,French
flutist,French
flânerie,French
flèche,French
foie gras,French
folie du doute,French
folie à deux,French
fondu,French
fondue,French
fonio,French
fontanelle,French
foraminifer,French
force majeure,French
forcené,French
forme fruste,French
formule,French
fortin,French
foudroyant,French
fouetté,French
fougasse,French
foulage,French
foulard,French
foundry,French
fourbe,French
fourbery,French
fourche,French
fourchette,French
fourgon,French
fourneau,French
fourrier,French
fouter,French
foyer,French
fracas,French
fragrance,French
fraise,French
fraise,French
fraise des bois,French
fraise du bois,French
framboise,French
franc,French
frangipane,French
frappe,French
frappé,French
fricandeau,French
fricassee,French
fricot,French
frigate,French
frippery,French
frisket,French
frisson,French
frisure,French
frivol,French
frivolity,French
froideur,French
fromage,French
fromage blanc,French
fromager,French
fromagophile,French
frondeur,French
frotteur,French
frou-frou,French
fuchsine,French
fugue,French
fulminant,French
fulmine,French
fumoir,French
fund,French
furniment,French
fusain,French
fusarole,French
fuselage,French
fusibility,French
fusillade,French
fustet,French
féerie,French
félibre,French
fête,French
gabel,French
gabelle,French
gadroon,French
gaffe,French
gaieté de cœur,French
gaiter,French
galette,French
galimatias,French
galipot,French
gall,French
gallantry,French
gallinule,French
galop,French
galuchat,French
galvanize,French
gamahe,French
gambade,French
gambet,French
gamin,French
gamine,French
gaminerie,French
ganache,French
gangrene,French
gangue,French
ganté,French
garage,French
garb,French
garbure,French
garde de rein,French
gardebras,French
garderobe,French
garrot,French
garçon,French
garçonnière,French
gaspereau,French
gastrique,French
gastronome,French
gateau,French
gauche,French
gaucherie,French
gauffer,French
gaufrette,French
gauze,French
gavage,French
gazelle,French
gazette,French
gazon,French
gelatin,French
gelee,French
gemmule,French
gendarme,French
gendarmerie,French
genealogical,French
genie,French
genocidaire,French
genouillère,French
genre,French
genteel,French
gentile,French
geode,French
geodesy,French
gerbil,French
geste antagoniste,French
gestion,French
ghassoul,French
gibbon,French
giclée,French
gigantism,French
gigolo,French
gigot,French
gigue,French
gilet,French
gimp,French
girandole,French
girolle,French
girouettism,French
glacier,French
glacis,French
glacé,French
gland,French
glandular,French
glissade,French
globular,French
globule,French
gloriette,French
glumelle,French
gluten,French
glutin,French
glycogen,French
gnome,French
gnomic,French
gnomon,French
gnossienne,French
gobe-mouche,French
gobemouche,French
goddam,French
goeland,French
goelette,French
goffer,French
gondolier,French
gorgeret,French
gorgerette,French
gorgerin,French
gorgerine,French
gorgière,French
gouache,French
goudron,French
goujon,French
goujon,French
gour,French
gourbi,French
gourmandise,French
gourmet,French
gousset,French
gout,French
gouvernante,French
gradation,French
grade,French
grammaticalization,French
grammatist,French
grand cru,French
grand mal,French
grande finale,French
grande madame,French
grandiose,French
granite,French
granulopexy,French
graphy,French
gratify,French
gratin,French
gratitude,French
grattage,French
grattoir,French
greffier,French
greige,French
grenache,French
grenade,French
grenadine,French
greviere,French
griffe,French
griffe,French
grill,French
grille,French
grimace,French
grimoire,French
griot,French
grippe,French
grisaille,French
grisette,French
grocery,French
grognard,French
grogram,French
grosgrain,French
grot,French
group,French
groupuscule,French
guenon,French
guepard,French
gueridon,French
guerite,French
guidon,French
guillemet,French
guilloché,French
guillotine,French
guillotine,French
guimpe,French
guinguette,French
guipure,French
gumbo,French
gutter rabbit,French
gypse,French
gyroscope,French
gégène,French
gîte,French
habitacle,French
habitué,French
hachereau,French
hadal,French
hanap,French
hangar,French
harfang,French
harmonium,French
harmonize,French
hausse,French
hausse-col,French
haut gout,French
hautbois,French
haute couture,French
haute cuisine,French
haute piece,French
hauteur,French
haversack,French
hectare,French
hecticity,French
helicopter,French
hemistich,French
herbes de Provence,French
heresiarch,French
heroism,French
hersage,French
hieroglyphic,French
hindouism,French
hindouist,French
hippodrome,French
hippogriff,French
historiette,French
hivernant,French
hockeyer,French
hollandaise,French
hollandaise sauce,French
homme de lettres,French
homolog,French
homologue,French
hors categorie,French
hors catégorie,French
hors d'oeuvre,French
hors de combat,French
hors-texte,French
hospice,French
hotel,French
houbara bustard,French
houri,French
huissier,French
huissier de justice,French
hussar,French
hydrate,French
hydraulic,French
hydrocele,French
hygienic,French
hymen,French
hyoid,French
hypnotic,French
hôtel,French
hôtel-Dieu,French
iamb,French
iconoclast,French
ide,French
idealist,French
identic,French
identify,French
ideology,French
idiot savant,French
idée,French
idée fixe,French
idée reçue,French
ignominy,French
iliac,French
illegal,French
illicit,French
immanence,French
immortelle,French
impasse,French
impastation,French
impermeability,French
impermeable,French
impersonal,French
impromptu,French
improvisation,French
improvise,French
impudic,French
in-,French
inaction,French
inaptitude,French
incandescence,French
inceptive,French
incompetent,French
incunable,French
indiscipline,French
individualism,French
indolent,French
industrialize,French
inexperience,French
infrastructure,French
ingenu,French
ingenue,French
inox,French
insectivore,French
insectology,French
insipid,French
insolation,French
insouciant,French
instant,French
integrable,French
intercalant,French
interlocutrice,French
intern,French
intern,French
intertextuality,French
interventionist,French
interversion,French
intonation,French
intransigence,French
intransigent,French
intrepid,French
intrication,French
intrigante,French
intrigue,French
intussusception,French
involucre,French
irascible,French
irreproachable,French
irresolute,French
irritable,French
isochimenal,French
isolated,French
isolation,French
isothere,French
jabot,French
jackal,French
jactance,French
jade,French
jalousie,French
jamais vu,French
jambon,French
japonaiserie,French
jardin,French
jardinière,French
jargoon,French
jasmine,French
jaspé,French
java,French
javanais,French
je ne sais quoi,French
jequirity,French
jeremiad,French
jet,French
jete,French
jeton,French
jeu d'esprit,French
jeu de paume,French
jeu de taquin,French
jeunesse dorée,French
joie de vivre,French
jongleur,French
jonquil,French
jougs,French
jour fixe,French
journal,French
journalism,French
journaux,French
jovial,French
joviality,French
jube,French
juju,French
jujube,French
jus,French
juxtapose,French
juxtaposition,French
kamagraphy,French
kamichi,French
kepi,French
keratitis,French
kermes,French
khedive,French
kilogram,French
kilometrage,French
kilometre,French
kinkajou,French
kiosk,French
kir,French
kirsch,French
konzo,French
l'esprit de l'escalier,French
la nouvelle manga,French
labyrinth,French
lacert,French
lacquer,French
lactose,French
lagoon,French
lagune,French
laicity,French
laisse,French
laissez faire,French
laissez-passer,French
lambdoid,French
lambel,French
lambrequin,French
lamellicorn,French
lames,French
lampas,French
lamé,French
lancer,French
langouste,French
langoustine,French
langue,French
langue d'oïl,French
lansquenet,French
lanterloo,French
lanterne rouge,French
lapalissade,French
lapin,French
lapinize,French
lassitude,French
lateen,French
lative,French
lavage,French
lavaret,French
lazaret,French
le,French
le,French
lecithin,French
leger,French
legerity,French
legionnaire,French
legume,French
leprosery,French
les jeux sont faits,French
lese majesty,French
lever,French
liaison,French
liard,French
libelle,French
liberticide,French
libre,French
licorne,French
lieu,French
lieu jaune,French
lieu-dit,French
lignite,French
lilac,French
limaille,French
limbat,French
limitrophe,French
limousin,French
limousine,French
lineic,French
lingerie,French
linget,French
lingot,French
lipase,French
lipid,French
liqueur,French
lisse,French
lissoir,French
lithofracteur,French
litre,French
litterateur,French
litteratrice,French
livraison,French
livre,French
locket,French
logistic,French
logistic,French
logistics,French
longeron,French
longue-vue,French
loogaroo,French
lorette,French
lorgnette,French
lorgnon,French
lotte,French
louche,French
louis,French
louis d'or,French
loup-cervier,French
loup-garou,French
loupe,French
lucarne,French
lucerne,French
lucrative,French
luminaire,French
luminosity,French
lunel,French
lunette,French
lunule,French
lurch,French
lutherie,French
luthier,French
luxe,French
lycée,French
lymph,French
lyric,French
lèse majesté,French
macabre,French
macaco,French
macaque,French
macaron,French
macaronage,French
macaroon,French
macedoine,French
macle,French
macédoine,French
madame,French
madeleine,French
mademoiselle,French
magicienne,French
magneton,French
magot,French
magret,French
maigre,French
maillot,French
maison de passe,French
maison de tolérance,French
maisonette,French
majorant,French
majorat,French
majoration,French
majuscule,French
maki,French
mal,French
mal du siècle,French
maladroit,French
malaise,French
malfeasant,French
malgré lui,French
malgré lui,French
malinger,French
mamelière,French
mamelon,French
manche,French
manchette,French
manganese,French
mange-tout,French
mangetout,French
mangouste,French
maniac,French
manicure,French
maniguette,French
manipulation,French
mannequin,French
manoir,French
manometer,French
manqué,French
mansard,French
manège,French
maquette,French
maquillage,French
maquis,French
maquisard,French
marabou,French
maraud,French
marcassin,French
margarine,French
marguerite,French
mari complaisant,French
marigot,French
marinade,French
marionette,French
marmite,French
marocain,French
maroon,French
maroon,French
marque,French
marquise,French
marron glacé,French
martinet,French
maréchaussée,French
mas,French
mascot,French
mashrabiyya,French
masque,French
massage,French
masseur,French
masseuse,French
massicot,French
massif,French
massé,French
masturbation,French
matelote,French
materialism,French
materiel,French
matinal,French
matinée,French
matricide,French
matte,French
mauvais quart d'heure,French
mauvaise langue,French
mauve,French
mayonnaise,French
mazagran,French
maîtresse en titre,French
medaillon,French
medallion,French
medicamentous,French
mediology,French
melee,French
melo-,French
melodeon,French
melodic,French
melodrame,French
melomane,French
melongene,French
mendiant,French
menhir,French
mentalité,French
menu,French
mercantile,French
merde,French
merguez,French
meridian,French
meringue,French
meringue glacé,French
merlon,French
merveilleux,French
mesail,French
mesclun,French
mesoscaphe,French
metallurgy,French
metamorphose,French
meter,French
methodology,French
metis,French
metoclopramide,French
metre,French
metro,French
mezzanine,French
microfiche,French
midinette,French
migniardise,French
mignon,French
mignonette,French
mignonette sauce,French
milieu,French
mille-feuille,French
millepore,French
milliardaire,French
millime,French
millionaire,French
minaret,French
minauderie,French
minaudière,French
mine,French
minim,French
mirabelle plum,French
mirage,French
mirepoix,French
miscellany,French
miscible,French
mise,French
mise en abyme,French
mise en place,French
mise en scène,French
mise-en-page,French
mistelle,French
mistral,French
misère,French
mitraillade,French
mitrailleuse,French
mixity,French
mixte,French
modernization,French
modist,French
module,French
moellon,French
moeurs,French
moi,French
moil,French
moire,French
moiré,French
molecule,French
molinet,French
monarchism,French
monitrice,French
monokini,French
monolith,French
monolithic,French
monorail,French
monoxyle,French
monsieur,French
monstre sacré,French
mont,French
montage,French
monture,French
moquette,French
moraine,French
morale,French
morceau,French
morel,French
morelle,French
morgue,French
morion,French
morpheme,French
morphine,French
morsure,French
mort,French
mortier,French
motard,French
mother sauces,French
motif,French
moucharaby,French
mouchard,French
mouche,French
mouchoir,French
moue,French
mouflon,French
mouillé,French
moulage,French
moulin,French
moulinage,French
moulinette,French
mousse,French
mousseline de laine,French
mousseux,French
moustache,French
mouton enragé,French
mouvementé,French
muid,French
mulard,French
muleteer,French
municipal,French
municipality,French
munition,French
mural,French
muscadin,French
muscat,French
musculature,French
museau,French
musette,French
musique concrète,French
muskellunge,French
musrole,French
mutinery,French
myria-,French
myriare,French
mystique,French
mythomane,French
mythomaniac,French
mâche,French
ménage,French
ménage à trois,French
méridienne,French
mésalliance,French
méthode champenoise,French
métier,French
mêlée,French
n'est-ce pas,French
nacelle,French
naissant,French
naive,French
nap,French
napoleon,French
napoleon,French
narcolepsy,French
narghile,French
nationalism,French
nationalize,French
natron,French
nattes,French
nature morte,French
naturism,French
navarin,French
naïf,French
naïveté,French
nee,French
nef,French
negociant,French
negritude,French
nepotism,French
neroli,French
nervure,French
neuroleptic,French
neutralization,French
niche,French
nicotine,French
nielle,French
niellure,French
nigger,French
nihilism,French
nitrate,French
nitrogen,French
noblesse oblige,French
nocturne,French
noeud vital,French
noir,French
nom de guerre,French
nombril,French
nome,French
nome,French
nominable,French
nonchalant,French
noosphere,French
norman,French
nostalgie de la boue,French
note verbale,French
nougatine,French
nouveau,French
nouveau riche,French
nouveau roman,French
nouvelle cuisine,French
nouvelle vague,French
noyau,French
nuance,French
nubile,French
nuit blanche,French
numeric,French
numismatic,French
numismatics,French
nuée ardente,French
nécessaire,French
née,French
négligée,French
névé,French
objective,French
objet d'art,French
observant,French
observation,French
observatory,French
odalisque,French
oeillade,French
oeuf,French
oeuf en cocotte,French
oeuvre,French
ogre,French
oignon vert,French
oillet,French
okoume,French
oleaginous,French
oligarch,French
ombre,French
ombre,French
ombré,French
omoplate,French
on dit,French
ondes martenot,French
onglet,French
onguent,French
opal,French
opiniatre,French
optician,French
orchestration,French
ordinaire,French
ordonnance,French
oreille de crisse,French
oreillette,French
orgueil,French
orgy,French
orientalism,French
orientation,French
orignal,French
ormolu,French
orpailleur,French
orpheline,French
orthogonal,French
orthopedic,French
orvet,French
orvietan,French
osier,French
ostensible,French
oubliette,French
ouguiya,French
outremer,French
ouvert,French
ouvrier,French
ouvrière,French
ovule,French
oxalate,French
oxalic,French
oxidant,French
oxide,French
oxygen,French
pachyderm,French
pachytene,French
pacifist,French
pagne,French
paillard,French
paillasson,French
paillette,French
pain au chocolat,French
pain aux raisins,French
pain d'épices,French
pain de campagne,French
pain de mie,French
paladin,French
palatial,French
palatine,French
palatine,French
paleotestamentary,French
paletot,French
palette,French
palmier,French
palp,French
paludism,French
pampelmoes,French
panache,French
panda,French
panisse,French
panne,French
pannier,French
pantaloon,French
pantaloons,French
pantoum,French
papa,French
papier-mâché,French
papillon,French
papillote,French
paquebot,French
par,French
par excellence,French
parachute,French
parade,French
parade,French
parados,French
paralysant,French
parameter,French
paravent,French
pareil,French
parelle,French
parfait,French
parfilage,French
parfum,French
parkour,French
paroxysm,French
parquet,French
parquetage,French
parterre,French
partisan,French
partisan,French
parvenu,French
parvenue,French
pas,French
pas de chat,French
pas de deux,French
pascal,French
pasquinade,French
passe-partout,French
passepied,French
passerelle,French
passé,French
passéist,French
pastel,French
pasteurise,French
pasteurize,French
pastiche,French
pastillage,French
pastille,French
pastis,French
pataphysician,French
pataphysics,French
patchouli,French
pate,French
pate feuilletee,French
pathology,French
patine,French
patisserie,French
patissier,French
patois,French
patrol,French
patte,French
patty,French
paupiette,French
pavane,French
paysage,French
peau d'orange,French
pecan,French
pedal,French
pederast,French
peignoir,French
pell-mell,French
peloton,French
pelure,French
penchant,French
pendentive,French
pensée,French
peplum,French
percuteur,French
perdricide,French
perfumatory,French
perianth,French
pericarp,French
peridot,French
peripatetic,French
peristyle,French
persiflage,French
persillade,French
personnel,French
pertinence,French
pertinent,French
petiole,French
petit final,French
petit four,French
petit mal,French
petite,French
petite bourgeoisie,French
petroglyph,French
petrol,French
petroleur,French
petun,French
phaeton,French
phantasmagoria,French
phantasmagory,French
phare,French
pharmacopoeia,French
phenakistoscope,French
phenol,French
philately,French
philharmonic,French
pholerite,French
phosphure,French
photography,French
pianiste,French
piastre,French
picayune,French
picnic,French
picon,French
picot,French
pied-à-terre,French
piedouche,French
pierre perdu,French
pierrotage,French
pigache,French
pigeage,French
piloti,French
piment,French
pince-nez,French
pineau,French
pinion,French
pinot,French
piolet,French
pipistrelle,French
pique,French
pique,French
pique,French
piquette,French
piqué,French
pirogue,French
pirouette,French
pissaladière,French
piste,French
pistil,French
pistole,French
piston,French
piton,French
pivot,French
pièce d'occasion,French
pièce de résistance,French
pièce montée,French
placket,French
plafond,French
plaidoyer,French
plainchant,French
plan,French
planche,French
planchette,French
plant-animal,French
plantigrade,French
plaque,French
plaquette,French
plat du jour,French
plateau,French
platitude,French
pleasantry,French
plein air,French
plique-à-jour,French
plisse,French
plissé,French
plié,French
plongée,French
plumassier,French
plurisecular,French
pluvial,French
pochade,French
pochette,French
pochoir,French
poché,French
pococurante,French
poilu,French
point d'appui,French
point-blank,French
point-device,French
pointe,French
pointillism,French
pointillé,French
poitrine,French
poivrade,French
polatouche,French
polissoir,French
politesse,French
polonaise,French
pomme,French
pomme frite,French
pomme puree,French
pomme purée,French
pommecythere,French
pommes frites,French
pommée,French
pompier,French
ponce,French
ponceau,French
poniard,French
pontil,French
pool,French
poontang,French
poplin,French
populosity,French
portatif,French
porte cochère,French
porte-monnaie,French
porte-épée,French
portraiture,French
poseur,French
positivism,French
positivist,French
post,French
poste restante,French
postulant,French
posé,French
pot-au-feu,French
potage,French
potiche,French
potin,French
potpourri,French
pouding chômeur,French
poudrette,French
poule,French
poulpe,French
pounce,French
pourboire,French
pourparler,French
pourpointerie,French
pourpointing,French
pousse-café,French
poussin,French
powder-douce,French
prairie,French
praline,French
pratique,French
precoce,French
predilection,French
prehensile,French
preliminary,French
prender,French
prepose,French
presidentiable,French
presque vu,French
prestidigitation,French
prestidigitator,French
prestige,French
prevoyant,French
priant,French
primate,French
prime,French
printanier,French
prix fixe,French
procedure,French
procureur,French
profile,French
profiterole,French
proletaire,French
promenade,French
prononcé,French
propension,French
prosateur,French
prospectus,French
protectionism,French
protein,French
protégé,French
protégée,French
provenance,French
provocateur,French
prude,French
précieuse,French
précis,French
prêt-à-porter,French
psychology,French
pterion,French
pterodactyl,French
pterygopalatine,French
ptilocerque,French
publicist,French
pudeur,French
puit,French
pule,French
pulsion,French
pulverise,French
punt,French
pupe,French
pur et dur,French
pur sang,French
pure laine,French
puree,French
purist,French
putois,French
putty,French
puy,French
pyrogravure,French
pyroxene,French
pâte brisée,French
pâtissier,French
pâté,French
pâté chinois,French
pâté de foie gras,French
père,French
quadrat,French
quadratic,French
quadrilliard,French
quadruped,French
quarte,French
quarter,French
quartet,French
quartier,French
quatorze,French
quatrain,French
quatre,French
quatre quart,French
quelle surprise,French
quenelle,French
quenouille,French
questionnaire,French
quetsch,French
qui vive,French
quiche,French
quinine,French
quintilliard,French
quinzaine,French
quinze,French
rabat,French
rabot,French
racahout,French
racemic,French
racism,French
raclette,French
racloir,French
raconteur,French
raconteuse,French
racquet,French
radeau,French
radioactive,French
radiodiffusion,French
radium,French
radoub,French
rafale,French
ragout,French
rail,French
raillery,French
railleur,French
raison d'être,French
ramier,French
ramollissement,French
ramp,French
ranz des vaches,French
rapid,French
rappel,French
rappel,French
rapport,French
rapportage,French
rapporteur,French
rapprochement,French
rasant,French
rascasse,French
rastaquouère,French
ratafia,French
ratatouille,French
ratiocination,French
ravier,French
ravine,French
razzia,French
raï,French
reactionary,French
realize,French
rearmament,French
recalcitrant,French
recamier,French
recherche du temps perdu,French
recherché,French
recit,French
recollection,French
reconnaissance,French
recoup,French
recoupé,French
redingote,French
redoubt,French
redoubtable,French
reflet,French
refoulment,French
regalian,French
regime,French
reglementary,French
reglet,French
reinette,French
rejection,French
relais,French
religieuse,French
religieux,French
reliquaire,French
remarque,French
remblai,French
remis,French
remontant,French
remontoir,French
remoulade,French
rempli,French
remplissage,French
renaissance,French
rendezvous,French
rendition,French
renter,French
rentier,French
repartee,French
repertible,French
repertoire,French
reportage,French
repoussage,French
repoussoir,French
repoussé,French
requin,French
resonant,French
ressaut,French
ressentiment,French
restaurant,French
restaurateur,French
restaurateuse,French
restauratrice,French
restavec,French
restructuration,French
resume,French
retable,French
reticule,French
retro,French
revanche,French
revanchisme,French
revere,French
reverie,French
revers,French
reversal,French
revet,French
revision,French
revolt,French
revue,French
riante,French
ricochet,French
rideau,French
ridicule,French
rien ne va plus,French
rimaye,French
riposte,French
risque,French
risqué,French
rissole,French
riverain,French
rivière,French
rob,French
robe de chambre,French
robe decollete,French
robe montante,French
robinet,French
rocaille,French
rocambole,French
rocambolesque,French
rocket,French
rococo,French
rodomont,French
rodomontade,French
rogatory,French
roitelet,French
role,French
romaine,French
roman à clef,French
roman à thèse,French
rompu,French
rondelle,French
rondure,French
rongeur,French
roquette,French
rosbif,French
rosette,French
rosé,French
rotonde,French
rouelle,French
rouerie,French
rouet,French
rouge,French
rouget,French
rouille,French
roulade,French
roulette,French
rouleur,French
routine,French
roux,French
roué,French
ruche,French
rudenture,French
ruelle,French
ruse de guerre,French
réchauffé,French
répertoire,French
réseau,French
sabayon,French
sabotage,French
saboteur,French
sabrage,French
sabre,French
sabretache,French
sabretasche,French
sac,French
saccade,French
sachet,French
sagacity,French
sagesse,French
saic,French
saignée,French
sainfoin,French
saison,French
salariat,French
salep,French
salle,French
salon,French
salonnier,French
salp,French
saltimbanque,French
salut des armes,French
san fairy ann,French
sandre,French
sang froid,French
sangfroid,French
sanglier,French
sanitary,French
sans doute,French
sans gêne,French
sans nombre,French
sans-culottide,French
sans-souci,French
santon,French
sap,French
sapeur,French
saponule,French
sappare,French
sarabande,French
sarbacane,French
sardine,French
sarigue,French
satin,French
satin de chine,French
satin de laine,French
satiné,French
satyr,French
saucier,French
saucisse,French
saucisson,French
saucisson sec,French
sauter,French
sauterelle,French
sautoire,French
sauté,French
sauvignon,French
savant,French
savarin,French
savate,French
savoir-faire,French
savoir-vivre,French
saxophone,French
scatch,French
scelerat,French
sciage,French
scène à faire,French
season,French
secret of Polichinelle,French
secretariat,French
seigneuresse,French
seigneurie,French
selenium,French
sell,French
semantic,French
semaphore,French
semblant,French
semé,French
senile,French
senteur,French
sentiment du fer,French
septillion,French
sequence,French
sequin,French
serein,French
serenade,French
serge,French
serge,French
sericulture,French
serimeter,French
serin,French
serpette,French
serpolet,French
serrefine,French
serry,French
serval,French
service à la française,French
service à la russe,French
serviette,French
sesban,French
seton,French
shagreen,French
shako,French
shallop,French
shallot,French
shingle,French
shivaree,French
siffle,French
sifflet,French
silhouette,French
sillometer,French
sillon,French
simar,French
singerie,French
singulative,French
sirvente,French
skeptic,French
sobriquet,French
socca,French
socialism,French
sofa,French
soi-disant,French
soigneur,French
soigné,French
soignée,French
soiree,French
soirée,French
soixante-huitard,French
solecism,French
solenoid,French
solfège,French
solidification,French
solitaire,French
solive,French
solmisation,French
sombre,French
sommelier,French
somnambule,French
somnambulist,French
somnolent,French
sondage,French
sonde,French
sorbet,French
sortie,French
sou,French
soubresaut,French
soubrette,French
soucoupe,French
souffle,French
soufflé,French
soul,French
soupçon,French
sourdeline,French
sous-chef,French
sous-vide,French
soutache,French
soutane,French
souteneur,French
souterrain,French
souvenir,French
spadassin,French
spadille,French
spahi,French
sparadrap,French
specialist,French
sphene,French
spirituelle,French
squad,French
squill,French
stagiaire,French
stagnant,French
stasiology,French
statuesque,French
statuette,French
steak Diane,French
stere,French
stereotype,French
stethoscope,French
strass,French
succulent,French
succès de scandale,French
succès fou,French
suede,French
suint,French
suppliant,French
suprême,French
suraddition,French
suricate,French
surmoulage,French
surmulot,French
surveillance,French
svelte,French
syllabe,French
sylphid,French
sympathize,French
symphoniette,French
symptomatic,French
syndic,French
syndical,French
syrah,French
syringe,French
table d'hôte,French
tableau,French
tableau vivant,French
tablier,French
tac-au-tac,French
tacahout,French
talapoin,French
talisman,French
talkie-walkie,French
tallapoi,French
talmouse,French
talus,French
tamanoir,French
tamarin,French
tambour,French
tambourine,French
tamis,French
tammy,French
tampon,French
tan,French
tannic,French
tant mieux,French
tant pis,French
tantième,French
tapenade,French
tapir,French
tardy,French
tarot,French
tarse,French
tartan,French
tarte Tatin,French
tarte flambée,French
tasset,French
tassie,French
tata,French
tatonnement,French
taupe,French
taximeter,French
taxonomy,French
technique,French
teinture,French
telecabin,French
telecommunication,French
telegraph,French
teleocracy,French
telephone,French
television,French
tenace,French
tendon,French
tennisman,French
tenniswoman,French
teosinte,French
tercine,French
teredine,French
terminology,French
termite,French
terne,French
terrace,French
terrain,French
terre-plein,French
terreplein,French
terrine,French
terroir,French
tetraples,French
theine,French
theodicy,French
thieboudienne,French
thymol,French
thyrse,French
tic,French
tierce de Picardie,French
tierceron,French
tige,French
tignon,French
tilleul,French
timbale,French
timbre,French
tinamou,French
tiqueur,French
tirade,French
tirailleur,French
titre,French
titubant,French
toile,French
toilette,French
toise,French
toison,French
tole,French
tombé,French
ton,French
tonne,French
tonneau,French
tonsil,French
tontine,French
toot suite,French
toot sweet,French
torchon,French
torrent,French
torsade,French
tortillon,French
touché,French
toupee,French
tour d'horizon,French
tour de force,French
tourbillon,French
tourelle,French
tourmaline,French
tournedos,French
tourniquet,French
tout court,French
tout de suite,French
tout ensemble,French
tout le monde,French
toxic,French
traceur,French
traceuse,French
traductology,French
tragedienne,French
trahison,French
trahison des clercs,French
traipse,French
traiteur,French
tranche,French
transept,French
transfuge,French
transhuman,French
transhumance,French
transmanche,French
traumatize,French
travers,French
treillage,French
trema,French
trephine,French
triage,French
trichery,French
trichome,French
tricot,French
tricoteuse,French
tricotée,French
tricycle,French
trilliard,French
trillion,French
tringle,French
triolet,French
triple sec,French
triskele,French
triskeles,French
tristesse,French
trochee,French
trompe l'oeil,French
trompe l'œil,French
tronc,French
troposphere,French
trottoir,French
troupe,French
trousseau,French
trouvaille,French
trouvère,French
truculence,French
truffière,French
truffle,French
trumeau,French
trumpery,French
très chic,French
tréflé,French
tuff,French
tuile,French
tulip,French
tulle,French
tumescence,French
turbine,French
tureen,French
tuteur,French
tutoy,French
tutoyer,French
tutu,French
tuyere,French
typhlophile,French
tyrannicide,French
tyrolienne,French
tzigane,French
tête-bêche,French
tête-de-pont,French
tête-à-tête,French
uhlan,French
ultime,French
unijambist,French
unique,French
uric,French
usure,French
utilize,French
utricle,French
uxoricide,French
uxoricide,French
vacherin,French
vachette,French
vagabondage,French
valet-de-chambre,French
valise,French
valse,French
vampire,French
vancourier,French
vandalism,French
vansire,French
vareuse,French
vasquine,French
vaudeville,French
vaunt,French
vaurien,French
vedette,French
vehicle,French
velocipede,French
velour,French
velouté,French
velte,French
venal,French
vend,French
vendange,French
veneur,French
venin,French
vennel,French
vent,French
ventouse,French
ventre à terre,French
veny,French
verbiage,French
verdigris,French
verglas,French
verjus,French
verlan,French
vermouth,French
vernier,French
vernissage,French
verrillon,French
verrine,French
versant,French
verve,French
vervelle,French
vespasienne,French
vestibule,French
vestige,French
vetiver,French
vibration,French
vicereine,French
vichyssoise,French
victimation,French
viennoiserie,French
vieux jeu,French
vieux riche,French
vigneron,French
vignette,French
villanelle,French
vinage,French
vinaigrette,French
vinasse,French
virement,French
virion,French
vis-à-vis,French
visagiste,French
visier,French
visiere,French
visite,French
vison,French
visé,French
vitrail,French
vitraux,French
vitrine,French
vivandier,French
vivandière,French
vivant,French
viveur,French
vocable,French
vocabulary,French
voile,French
voilà,French
voiture,French
voiturette,French
vol,French
vol-au-vent,French
vole,French
volet,French
volte-face,French
voltigeur,French
voluptuary,French
voulgier,French
voussoir,French
vouvoy,French
voyeur,French
vraisemblance,French
wattman,French
with the manner,French
witzchoura,French
xanthein,French
xenism,French
xenoglossy,French
xylography,French
xylotheque,French
yaourt,French
yogourt,French
yurt,French
yé-yé,French
zain,French
zemidjan,French
zero,French
zest,French
zgougou,French
zigzag,French
Élysée,French
à bas,French
à bouche,French
à contrecœur,French
à deux,French
à gogo,French
à la,French
à la carte,French
à la russe,French
à outrance,French
à trois,French
éboulement,French
écarté,French
éclair,French
éclat,French
écorché,French
écrasement,French
écru,French
écu,French
écuelle,French
élan,French
élan vital,French
élite,French
émigré,French
éminence grise,French
énarque,French
épater la bourgeoisie,French
épicier,French
épopée,French
épée,French
étage,French
étape,French
étatisme,French
étoile,French
étourderie,French
étrier,French
étui,French
évolué,French
œil-de-bœuf,French
œil-de-perdrix,French
